{"timestamp": "2025-10-21T08:20:38.249433", "current_mA": 5.3675, "depth_m": 0.25640624999999995, "water_surface_m": 10.76359375, "nn_level_m": 39.23640625}